<?xml version="1.0" encoding="UTF-8"?><metadata>
    <idinfo>
        <citation>
            <citeinfo>
                <origin/>
                <pubdate>20210802</pubdate>
                <title>Maine Town and Township Boundary Polygons</title>
                <geoform>vector digital data</geoform>
            </citeinfo>
        </citation>
        <descript>
            <abstract>METWP24P depicts political boundaries for all Organized Towns and Unorganized Territories in Maine at 1:24,000 scale. The layer also includes common town names and authoritative geocodes. The layer was created using the USGS 7.5-minute map series and the Maine GIS base layer COAST, which contains Maine's coastal Mean High Water (MHW) mark and Maine islands. To correct mapping errors and reflect changes to Minor Civil Division (MCD) boundaries, arcs and polygons were added or updated using the following data sources: photorevised USGS data; Maine GIS base layer coincident features; legal descriptions; GPS data; and Maine Department of Transportation (MEDOT) engineering plans. METWP24P also contains USGS 1:100,000-scale data and U.S. Department of Commerce Census Bureau TIGER Line Files from 1990 and 2000 where these provide a more correct or best available representation of a feature in question.</abstract>
            <purpose>Organized Town and Unorganized Territory political boundary polygons for all municipalities and townships in the State of Maine at 1:24,000 scale. Data at this scale is suitable for detailed studies and local planning. (Abbreviation: METWP24P).</purpose>
        </descript>
        <timeperd>
            <timeinfo>
                <sngdate>
                    <caldate>20190806</caldate>
                    <time>133712</time>
                </sngdate>
            </timeinfo>
            <current>last update 2019-08-06 13:37:12</current>
        </timeperd>
        <status>
            <progress>Complete</progress>
            <update>As needed</update>
        </status>
        <spdom>
            <bounding>
                <westbc>-71.166757</westbc>
                <eastbc>-66.781750</eastbc>
                <northbc>47.460074</northbc>
                <southbc>42.909625</southbc>
            </bounding>
        </spdom>
        <keywords>
            <theme>
                <themekt>ISO 19115-1:2014</themekt>
                <themekey>boundaries</themekey>
            </theme>
            <theme>
                <themekt>Maine GIS Thesaurus-Theme</themekt>
                <themekey>boundaries, towns, townships</themekey>
            </theme>
            <place>
                <placekt>Maine GIS Thesaurus-Place</placekt>
                <placekey>Maine</placekey>
                <placekey>United States</placekey>
            </place>
        </keywords>
        <accconst>None</accconst>
        <useconst>Access: Public.Use: User accepts risk. Not for use in scales greater than 1:24,000.</useconst>
        <ptcontac>
            <cntinfo>
                <cntorgp>
                    <cntorg>MEGIS</cntorg>
                    <cntper>Maine Office of Geographic Information Systems</cntper>
                </cntorgp>
                <cntpos>GIS Coordinator</cntpos>
                <cntaddr>
                    <addrtype>mailing</addrtype>
                    <address>State House Station #145</address>
                    <city>Augusta</city>
                    <state>Maine</state>
                    <postal>04330</postal>
                    <country>US</country>
                </cntaddr>
                <cntvoice>207-624-7700</cntvoice>
                <cntemail>OIT.Customer-Support@maine.gov</cntemail>
                <hours>0800 - 1700 EST</hours>
                <cntinst>Monday through Friday</cntinst>
            </cntinfo>
        </ptcontac>
        <datacred>MaineIT GIS, Maine GeoLibrary, MaineDOT, USGS, USDC, Census Bureau</datacred>
        <native> Version 6.2 (Build 9200) ; Esri ArcGIS 10.6.1.9273</native>
    </idinfo>
    <dataqual>
        <logic>The data are updated to reflect changes as soon as possible.</logic>
        <complete>Data are updated to reflect changes as necessary in an ongoing process with no start and no end.</complete>
        <lineage>
            <srcinfo>
                <typesrc>None</typesrc>
                <srccontr>The coverage was created from USGS, 7.5 minute map series, town boundaries. The Maine GIS base layer COAST, which contained Maine's coastal Mean High Water (MHW) mark and Maine islands, were used in the development of METWP24. To correct mapping errors and reflect changes to Minor Civil Division (MCD) boundaries, arcs and polygons were added to or updated in METWP24 from: photorevised USGS data; Maine GIS base layer coincident features; legal descriptions; GPS data; and Maine Department of Transportation (MEDOT) engineering plans.</srccontr>
            </srcinfo>
            <procstep>
                <procdesc>Modified Atkinson Twp, Cary Twp, and Codyville Twp to comply with legislative deorganization name changes.</procdesc>
                <procdate>20190806</procdate>
                <proccont>
                    <cntinfo>
                        <cntorgp>
                            <cntorg>MEGIS</cntorg>
                            <cntper>Maine Office of Geographic Information Systems</cntper>
                        </cntorgp>
                        <cntpos>GIS Coordinator</cntpos>
                        <cntaddr>
                            <addrtype>mailing</addrtype>
                            <address>State House Station #145</address>
                            <city>Augusta</city>
                            <state>Maine</state>
                            <postal>04330</postal>
                            <country>US</country>
                        </cntaddr>
                        <cntvoice>207-624-7700</cntvoice>
                        <cntemail>OIT.Customer-Support@maine.gov</cntemail>
                        <hours>9 am to 5 pm EST</hours>
                        <cntinst>Monday through Friday</cntinst>
                    </cntinfo>
                </proccont>
            </procstep>
            <procstep>
                <procdesc>Updated metadata as part of rehosting updated data layers to ArcGIS Online.</procdesc>
                <procdate>20210802</procdate>
                <proccont>
                    <cntinfo>
                        <cntorgp>
                            <cntorg>MEGIS</cntorg>
                            <cntper>Maine Office of Geographic Information Systems</cntper>
                        </cntorgp>
                        <cntpos>GIS Coordinator</cntpos>
                        <cntaddr>
                            <addrtype>mailing</addrtype>
                            <address>State House Station #145</address>
                            <city>Augusta</city>
                            <state>Maine</state>
                            <postal>04330</postal>
                            <country>US</country>
                        </cntaddr>
                        <cntvoice>207-624-7700</cntvoice>
                        <cntemail>OIT.Customer-Support@maine.gov</cntemail>
                        <hours>9 am to 5 pm EST</hours>
                        <cntinst>Monday through Friday</cntinst>
                    </cntinfo>
                </proccont>
            </procstep>
        </lineage>
    </dataqual>
    <spdoinfo>
        <direct>Vector</direct>
        <ptvctinf>
            <sdtsterm>
                <sdtstype>GT-polygon composed of chains</sdtstype>
                <ptvctcnt>8421</ptvctcnt>
            </sdtsterm>
        </ptvctinf>
    </spdoinfo>
    <eainfo>
        <detailed>
            <enttyp>
                <enttypl>Maine_Boundaries_Town_Polygon</enttypl>
                <enttypd>polygon feature class</enttypd>
                <enttypds>Environmental Systems Research Institute, Inc. (ESRI)</enttypds>
            </enttyp>
            <attr>
                <attrlabl>TOWN</attrlabl>
                <attrdef>town or reservation name as listed in "Standard Geographic Code for Maine Minor Civil Divisions"</attrdef>
                <attrdefs>For a current digital copy of "Standard Geocodes for Maine Minor Civil Divisions" in .dbf or comma delimited text format see http://megis.maine.gov/catalog "Tables" link.</attrdefs>
            </attr>
            <attr>
                <attrlabl>GlobalID</attrlabl>
                <attrdef>A field of type UUID (Universal Unique Identifier) in which values are automatically assigned by the geodatabase when a row is created. The GlobalID field is necessary for maintaining object uniqueness across replicas. All feature classes and tables participating in one-way or two-way replication must contain the GlobalID field. This field is not editable and is automatically populated when it is added for existing data.</attrdef>
                <attrdefs>http://support.esri.com/en/knowledgebase/GISDictionary/term/GlobalID</attrdefs>
            </attr>
            <attr>
                <attrlabl>SHAPE</attrlabl>
                <attrdef>Feature geometry.</attrdef>
                <attrdefs>ESRI</attrdefs>
                <attrdomv>
                                        
                    <udom>Coordinates defining the features.</udom>
                                    
                </attrdomv>
            </attr>
            <attr>
                <attrlabl>COUNTY</attrlabl>
                <attrdef>Maine county name</attrdef>
                <attrdefs>Federal Information Processing Standards Publication Series of the National Institute of Standards and Technology (NIST) For a current digital copy of "Standard Geocodes for Maine Minor Civil Divisions" in .dbf or comma delimited text format see http://megis.maine.gov/catalog "Tables" link.</attrdefs>
            </attr>
            <attr>
                <attrlabl>CIREG</attrlabl>
                <attrdef>Coastal Island Registry Number indicator (The format used to establish an ISLANDID for each island, is the same as that used for Coastal Island Registry (CIREG) numbers. Not all islands are part of the registry. CIREG numbers are therefore, a subset of ISLANDID. Where a CIREG number exists, the item CIREG is flagged 'y' and the ISLANDID is also the CIREG number for the island.)</attrdef>
                <attrdefs>Title33 Chapter 25 section 1201,&lt;http://janus.state.me.us/legis/statutes/&gt;, refer to "Maine Revised Statutes Annotated" and supplements for complete certified text. The Coastal Island Registry was established within the Bureau of Parks and Lands, under the Director of the Bureau of Parks and Lands, to maintain a listing, index number, and description of all coastal islands.</attrdefs>
                <attrdomv>
                                        
                    <edom>
                                                
                        <edomv>n</edomv>
                                                
                        <edomvd>a Coastal Island Registry number does not exist for this island</edomvd>
                                            
                    </edom>
                                        
                    <edom>
                                                
                        <edomv>y</edomv>
                                                
                        <edomvd>ISLANDID also represents a Coastal Island Registry number</edomvd>
                                            
                    </edom>
                                    
                </attrdomv>
            </attr>
            <attr>
                <attrlabl>LAND</attrlabl>
                <attrdef>identifies land and non-land areas</attrdef>
                <attrdefs>MEGIS</attrdefs>
                <attrdomv>
                                        
                    <edom>
                                                
                        <edomv>y</edomv>
                                                
                        <edomvd>polygon represents land</edomvd>
                                            
                    </edom>
                                        
                    <edom>
                                                
                        <edomv>n</edomv>
                                                
                        <edomvd>polygon represents fresh, estuarine or marine waters</edomvd>
                                            
                    </edom>
                                    
                </attrdomv>
            </attr>
            <attr>
                <attrlabl>ISLAND</attrlabl>
                <attrdef>identifies island polygons</attrdef>
                <attrdefs>MEGIS</attrdefs>
                <attrdomv>
                                        
                    <edom>
                                                
                        <edomv>y</edomv>
                                                
                        <edomvd>coastal, lake or river island</edomvd>
                                            
                    </edom>
                                        
                    <edom>
                                                
                        <edomv>n</edomv>
                                                
                        <edomvd>non-island</edomvd>
                                            
                    </edom>
                                    
                </attrdomv>
            </attr>
            <attr>
                <attrlabl>OBJECTID</attrlabl>
                <attrdef>Internal feature number.</attrdef>
                <attrdefs>ESRI</attrdefs>
                <attrdomv>
                                        
                    <udom>Sequential unique whole numbers that are automatically generated.</udom>
                                    
                </attrdomv>
            </attr>
            <attr>
                <attrlabl>TAG</attrlabl>
                <attrdef>item used to select a single feature for labeling purposes</attrdef>
                <attrdefs>MEGIS</attrdefs>
                <attrdomv>
                                        
                    <edom>
                                                
                        <edomv>y</edomv>
                                                
                        <edomvd>Use point for labeling.</edomvd>
                                            
                    </edom>
                                        
                    <edom>
                                                
                        <edomv>n</edomv>
                                                
                        <edomvd>Do not use point for labeling.</edomvd>
                                            
                    </edom>
                                    
                </attrdomv>
            </attr>
            <attr>
                <attrlabl>GEOCODENUM</attrlabl>
                <attrdef>numeric data type equivalent to GEOCODE field</attrdef>
                <attrdefs>For a current digital copy of "Standard Geocodes for Maine Minor Civil Divisions" in .dbf or comma delimited text format see http://megis.maine.gov/catalog "Tables".</attrdefs>
            </attr>
            <attr>
                <attrlabl>GEOCODE</attrlabl>
                <attrdef>5 character code corresponding to the "Standard Geographic Code for Maine Counties and Minor Civil Divisions", 1971</attrdef>
                <attrdefs>MEGIS</attrdefs>
            </attr>
            <attr>
                <attrlabl>DOT_REGNUM</attrlabl>
                <attrdef>MEDOT region number</attrdef>
                <attrdefs>MEDOT</attrdefs>
            </attr>
            <attr>
                <attrlabl>Shape.STLength()</attrlabl>
                <attrdef>Software determined attribute</attrdef>
                <attrdefs>ESRI</attrdefs>
            </attr>
            <attr>
                <attrlabl>Shape.STArea()</attrlabl>
                <attrdef>Software determined attribute</attrdef>
                <attrdefs>ESRI</attrdefs>
            </attr>
            <attr>
                <attrlabl>TYPE</attrlabl>
                <attrdef>Type of polygon</attrdef>
                <attrdefs>MEGIS</attrdefs>
            </attr>
            <attr>
                <attrlabl>LURC</attrlabl>
                <attrdef>identifies areas of state which are under Maine Land Use Regulation Commission (LURC) jurisdiction</attrdef>
                <attrdefs>Maine Department of Conservation; Land Use Regulatory Commission</attrdefs>
                <attrdomv>
                                        
                    <edom>
                                                
                        <edomv>y</edomv>
                                                
                        <edomvd>area recorded as LURC jurisdiction</edomvd>
                                            
                    </edom>
                                        
                    <edom>
                                                
                        <edomv>n</edomv>
                                                
                        <edomvd>area not recorded as LURC jurisdiction</edomvd>
                                            
                    </edom>
                                    
                </attrdomv>
            </attr>
            <attr>
                <attrlabl>ISLANDID</attrlabl>
                <attrdef>a unique ISLANDID for each marine island (The format used to establish an ISLANDID for each island, is the same as that used for Coastal Island Registry (CIREG) numbers. Not all islands are part of the registry. CIREG numbers are therefore, a subset of ISLANDID. Where a CIREG number exists, the item CIREG is flagged 'y' and the ISLANDID is also the CIREG number for the island.)</attrdef>
                <attrdefs>Maine Department of Inland Fisheries and Wildlife</attrdefs>
            </attr>
            <attr>
                <attrlabl>created_user</attrlabl>
                <attrdef>Identifies the user who created or edited the attribute.</attrdef>
                <attrdefs>MEGIS</attrdefs>
            </attr>
            <attr>
                <attrlabl>created_date</attrlabl>
                <attrdef>The date the attribute was created/edited.</attrdef>
                <attrdefs>MEGIS</attrdefs>
            </attr>
            <attr>
                <attrlabl>last_edited_user</attrlabl>
                <attrdef>Records the last user to edit the attribute.</attrdef>
                <attrdefs>MEGIS</attrdefs>
            </attr>
            <attr>
                <attrlabl>last_edited_date</attrlabl>
                <attrdef>Records the most recent date that the attribute field was edited.</attrdef>
                <attrdefs>MEGIS</attrdefs>
            </attr>
            <attr>
                <attrlabl>DOT_REGION</attrlabl>
                <attrdef>region used by MEDOT organizational structure for all maintenance and construction activities.</attrdef>
                <attrdefs>MEDOT</attrdefs>
            </attr>
            <attr>
                <attrlabl>CNTYCODE</attrlabl>
                <attrdef>Code corresponds to the federal (FIPS) code established for each of Maine's sixteen counties. The county code is also represented in the first two digits of Maine's official Standard Geographic Code (geocode), a five digit code that uniquely identifies Minor Civil Divisions and Indian Reservation land in the Maine.</attrdef>
                <attrdefs>Federal Information Processing Standards Publication Series of the National Institute of Standards and Technology (NIST) For a current digital copy of "Standard Geocodes for Maine Minor Civil Divisions" in .dbf or comma delimited text format see http://megis.maine.gov/catalog "Tables" link.</attrdefs>
                <attrdomv>
                                        
                    <edom>
                                                
                        <edomv>11</edomv>
                                                
                        <edomvd>Kennebec</edomvd>
                                            
                    </edom>
                                        
                    <edom>
                                                
                        <edomv>17</edomv>
                                                
                        <edomvd>Oxford</edomvd>
                                            
                    </edom>
                                        
                    <edom>
                                                
                        <edomv>27</edomv>
                                                
                        <edomvd>Waldo</edomvd>
                                            
                    </edom>
                                        
                    <edom>
                                                
                        <edomv>29</edomv>
                                                
                        <edomvd>Washington</edomvd>
                                            
                    </edom>
                                        
                    <edom>
                                                
                        <edomv>07</edomv>
                                                
                        <edomvd>Franklin</edomvd>
                                            
                    </edom>
                                        
                    <edom>
                                                
                        <edomv>03</edomv>
                                                
                        <edomvd>Aroostook</edomvd>
                                            
                    </edom>
                                        
                    <edom>
                                                
                        <edomv>13</edomv>
                                                
                        <edomvd>Knox</edomvd>
                                            
                    </edom>
                                        
                    <edom>
                                                
                        <edomv>05</edomv>
                                                
                        <edomvd>Cumberland</edomvd>
                                            
                    </edom>
                                        
                    <edom>
                                                
                        <edomv>15</edomv>
                                                
                        <edomvd>Lincoln</edomvd>
                                            
                    </edom>
                                        
                    <edom>
                                                
                        <edomv>09</edomv>
                                                
                        <edomvd>Hancock</edomvd>
                                            
                    </edom>
                                        
                    <edom>
                                                
                        <edomv>23</edomv>
                                                
                        <edomvd>Sagadahoc</edomvd>
                                            
                    </edom>
                                        
                    <edom>
                                                
                        <edomv>25</edomv>
                                                
                        <edomvd>Somerset</edomvd>
                                            
                    </edom>
                                        
                    <edom>
                                                
                        <edomv>21</edomv>
                                                
                        <edomvd>Piscataquis</edomvd>
                                            
                    </edom>
                                        
                    <edom>
                                                
                        <edomv>01</edomv>
                                                
                        <edomvd>Androscoggin</edomvd>
                                            
                    </edom>
                                        
                    <edom>
                                                
                        <edomv>31</edomv>
                                                
                        <edomvd>York</edomvd>
                                            
                    </edom>
                                        
                    <edom>
                                                
                        <edomv>19</edomv>
                                                
                        <edomvd>Penobscot</edomvd>
                                            
                    </edom>
                                    
                </attrdomv>
            </attr>
            <attr>
                <attrlabl>BAXTER</attrlabl>
                <attrdef>identifies areas within the jurisdiction of Baxter State Park Authority (BSPA)</attrdef>
                <attrdefs>BSPA</attrdefs>
                <attrdomv>
                                        
                    <edom>
                                                
                        <edomv>1</edomv>
                                                
                        <edomvd>area under BSPA jurisdiction</edomvd>
                                            
                    </edom>
                                        
                    <edom>
                                                
                        <edomv>0</edomv>
                                                
                        <edomvd>area not under BSPA jurisdiction</edomvd>
                                            
                    </edom>
                                    
                </attrdomv>
            </attr>
        </detailed>
        <overview>
            <eaover>POLYGONS in METWP24 are attributed with the items TOWN, COUNTY, GEOCODE, and CNTYCODE as found in "Standard Geographic Codes for Maine Minor Civil Divisions". METWP24 also contains the item CIREG flagging those islands whose ISLANDID is also a Maine Department of Conservation, Bureau of Parks and Lands, Coastal Island Registry (CIREG) number. </eaover>
            <eadetcit>The ArcView shapefile and ArcGIS geodatabase formats, commonly used for Maine GIS data, carry default identifiers and attributes that are software generated and/or important for internal recordkeeping. These are listed here to avoid repetition for every layer, and may not be repeated in the attribute descriptions and definitions of each layer. Common software generated identifiers and attributes in Maine GIS data include: FID (feature identifier), Shape (feature geometry), OBJECTID and SHAPE_lengt. In addition, most GIS formats will carry fields for PERIMETER, AREA and/or LENGTH according to feature geometry. These fields are typically available by default, with the units based on coordinate system or projection units of GIS data. Most GIS software packages also provide a means to calculate these values. It is important to test any columns containing PERIMETER, AREA or LENGTH values before using them for analysis purposes. These important values can be carried from format to format and become out-dated. Verify that the values are correct. Also, in your GIS software, please view the properties of data layers for the map units used to calculate these fields, and for the units set for display purposes.</eadetcit>
        </overview>
    </eainfo>
    <distinfo>
        <distrib>
            <cntinfo>
                <cntorgp>
                    <cntorg>MEGIS</cntorg>
                    <cntper>Maine Office of Geographic Information Systems</cntper>
                </cntorgp>
                <cntpos>GIS Coordinator</cntpos>
                <cntaddr>
                    <addrtype>mailing</addrtype>
                    <address>State House Station #145</address>
                    <city>Augusta</city>
                    <state>Maine</state>
                    <postal>04330</postal>
                    <country>US</country>
                </cntaddr>
                <cntvoice>207-624-7700</cntvoice>
                <cntemail>OIT.Customer-Support@maine.gov</cntemail>
                <hours>0800 - 1700 EST</hours>
                <cntinst>Monday through Friday</cntinst>
            </cntinfo>
        </distrib>
        <distliab>Disclaimer:
Information provided by the Maine Office of Geographic Information Systems and Maine GeoLibrary on this site is accurate to the best of our knowledge and is subject to change on a regular basis. While the Maine Office of Geographic Information Systems makes every effort to provide useful and accurate information, we do not warrant the information to be, complete, factual, or timely. Information is provided on an "as is" and an "as available" basis. The State of Maine disclaims any liability, loss, injury, or damage incurred as a consequence, directly or indirectly, resulting from the use and application of any of the contents of this web site.</distliab>
    </distinfo>
    <metainfo>
        <metd>20210802</metd>
        <metc>
            <cntinfo>
                <cntorgp>
                    <cntorg>MEGIS</cntorg>
                    <cntper>Maine Office of Geographic Information Systems</cntper>
                </cntorgp>
                <cntpos>GIS Coordinator</cntpos>
                <cntaddr>
                    <addrtype>mailing</addrtype>
                    <address>State House Station #145</address>
                    <city>Augusta</city>
                    <state>Maine</state>
                    <postal>04330</postal>
                    <country>US</country>
                </cntaddr>
                <cntvoice>207-624-7700</cntvoice>
                <cntemail>OIT.Customer-Support@maine.gov</cntemail>
                <hours>0800 - 1700</hours>
                <cntinst>Monday through Friday</cntinst>
            </cntinfo>
        </metc>
        <metstdn>FGDC Content Standard for Digital Geospatial Metadata</metstdn>
        <metstdv>FGDC-STD-001-1998</metstdv>
        <mettc>local time</mettc>
        <metuc>Disclaimer:Information provided by the Maine Office of Geographic Information Systems and Maine GeoLibrary on this site is accurate to the best of our knowledge and is subject to change on a regular basis. While the Maine Office of Geographic Information Systems makes every effort to provide useful and accurate information, we do not warrant the information to be, complete, factual, or timely. Information is provided on an "as is" and an "as available" basis. The State of Maine disclaims any liability, loss, injury, or damage incurred as a consequence, directly or indirectly, resulting from the use and application of any of the contents of this web site.</metuc>
    </metainfo>
</metadata>
